,loss,loss_moco,loss_sup,loss_entmin,loss_walker
21,0.8278897747039795,0.04672983394265175,3.184092848793322e-06,0.00040996731732351085,0.8278897747039795
