,loss,loss_moco,loss_sup,loss_entmin,loss_walker
10,1.095639050801595,0.0716247275809447,8.936548329989561e-05,0.0002503423724827978,1.095639050801595
