,loss,loss_moco,loss_sup,loss_entmin,loss_walker
1,0.5955103601455688,0.057821936325232186,0.0011291686502659863,0.0011742542914114893,0.5955103601455688
2,0.5630434299468994,0.0458861290683349,8.410853333350967e-05,0.0004613571065788468,0.5630434299468994
3,0.5522815130869547,0.036896316264073054,5.29557931131374e-05,0.00041313460090508064,0.5522815130869547
