,loss,loss_moco,loss_sup,loss_entmin,loss_walker
11,1.0952337366739908,0.07165562360286713,6.677448912432776e-05,0.00023111977453193808,1.0952337366739908
