,loss,loss_moco,loss_sup,loss_entmin,loss_walker
1,1.3997976914723713,0.2942836473385493,0.005047596395853907,0.0077130844275156655,1.3997976914723713
2,1.0367829565684001,0.15742870901258768,0.000405081200079682,0.002146179289619128,1.0367829565684001
