,loss,loss_moco,loss_sup,loss_entmin,loss_walker
1,1.272024067179362,0.2435080649058024,0.00450253440043889,0.007271799473961195,1.272024067179362
2,0.9500785416920979,0.1208649126721141,0.00010455773283805078,0.0018084686689078808,0.9500785416920979
