,loss,loss_moco,loss_sup,loss_entmin,loss_walker
30,0.5875953791300456,0.07155793501536051,5.3683827287125056e-05,0.00015671808713674788,0.5875953791300456
