,loss,loss_moco,loss_sup,loss_entmin,loss_walker
21,0.8665117813110351,0.0712733457505703,2.9169815246859798e-05,0.00021331430996069685,0.8665117813110351
