,loss,loss_moco,loss_sup,loss_entmin,loss_walker
1,1.2772527323404947,0.23828143374125163,0.0048587739451322704,0.007209103487183651,1.2772527323404947
2,0.9477036980946859,0.11151286914804175,9.388421553497513e-05,0.001810052857796351,0.9477036980946859
3,0.9205119672139486,0.09985536713600159,3.27780493835841e-05,0.0012428856906791528,0.9205119672139486
4,0.9081028863271078,0.09366000231903791,1.6079099253208066e-05,0.001024911124445498,0.9081028863271078
5,0.8997394594828287,0.08917949839433034,1.2983881657176729e-05,0.0008904959177598357,0.8997394594828287
6,0.8937920055389404,0.08575170091787974,7.961456279978544e-06,0.0008192946518460909,0.8937920055389404
7,0.8896502463022867,0.08364379139741261,4.820719751660363e-06,0.0007306914419867098,0.8896502463022867
8,0.8862235524495443,0.08146203477559487,4.290219881295343e-06,0.000693082862906158,0.8862235524495443
9,0.8835533855438232,0.08025526028474173,4.0637381487613315e-06,0.000647236888576299,0.8835533855438232
